entry_id	source_key	editor	ortholog	anchor_site	linker_residues	linker_composition	effector	label	readout_class	tier	spacer_length	numbering	structure_id	scaffold_variant	return_site	return_residues	split	context	panel	observed_profile	observed_window	observed_width
kissling-SpRY-ABE8e-HEK-Plasmid-5d	kissling2025	SpRY-ABE8e	SpRY	n_terminal	32	xten	tada8e	effector_varied	amplicon_sequencing	A	20	pam_distal	5F9R				held_out	HEK-Plasmid_5d	Additional file 4, sheet HEK-Plasmid_5d_SpRY-ABE8e	1:0.5793;2:4.441;3:11.36;4:18.08;5:20.43;6:20.58;7:19.34;8:15.04;9:9.169;10:5.495;11:4.534;12:2.176;13:0.545;14:0.2646;15:0.1212;16:0.09422;17:0.04123;18:0.02676;19:0.01063;20:0.006647		
kissling-SpRY-ABE8e-HEK-Plasmid-10d	kissling2025	SpRY-ABE8e	SpRY	n_terminal	32	xten	tada8e	effector_varied	amplicon_sequencing	A	20	pam_distal	5F9R				held_out	HEK-Plasmid_10d	Additional file 4, sheet HEK-Plasmid_10d_SpRY-ABE8e	1:1.468;2:8.57;3:19.17;4:28.57;5:31.97;6:31.97;7:30.41;8:24.76;9:16.62;10:10.35;11:8.768;12:4.37;13:1.246;14:0.5997;15:0.3606;16:0.2445;17:0.1063;18:0.05868;19:0.02612;20:0.01079		
kissling-SpRY-ABE8e-HEK-mRNA-02pmol	kissling2025	SpRY-ABE8e	SpRY	n_terminal	32	xten	tada8e	effector_varied	amplicon_sequencing	A	20	pam_distal	5F9R				held_out	HEK-mRNA_02pmol	Additional file 4, sheet HEK-mRNA_02pmol_SpRY-ABE8e	1:0.04791;2:0.8118;3:3.679;4:7.304;5:8.82;6:8.526;7:7.677;8:4.299;9:1.665;10:0.785;11:0.552;12:0.2011;13:0.03766;14:0.0193;15:0.01362;16:0.009058;17:0.006126;18:0.006611;19:0.004279;20:0.00454		
kissling-SpRY-ABE8e-HEK-mRNA-1pmol	kissling2025	SpRY-ABE8e	SpRY	n_terminal	32	xten	tada8e	effector_varied	amplicon_sequencing	A	20	pam_distal	5F9R				held_out	HEK-mRNA_1pmol	Additional file 4, sheet HEK-mRNA_1pmol_SpRY-ABE8e	1:0.1157;2:2.143;3:9.273;4:17.89;5:21.77;6:21.08;7:19.03;8:11;9:4.366;10:2.067;11:1.521;12:0.5402;13:0.09513;14:0.04437;15:0.02647;16:0.02012;17:0.009251;18:0.004672;19:0.004059;20:0.003732		
kissling-SpRY-ABE8e-HEK-mRNA-5pmol	kissling2025	SpRY-ABE8e	SpRY	n_terminal	32	xten	tada8e	effector_varied	amplicon_sequencing	A	20	pam_distal	5F9R				held_out	HEK-mRNA_5pmol	Additional file 4, sheet HEK-mRNA_5pmol_SpRY-ABE8e	1:0.3644;2:5.892;3:21.15;4:38.61;5:45.77;6:45;7:41.02;8:25.88;9:11.69;10:5.93;11:4.475;12:1.74;13:0.3281;14:0.1369;15:0.08193;16:0.05326;17:0.02152;18:0.01477;19:0.008249;20:0.0076		
kissling-SpRY-ABE8e-AAVlibrary-AAV-6w	kissling2025	SpRY-ABE8e	SpRY	n_terminal	32	xten	tada8e	effector_varied	amplicon_sequencing	A	20	pam_distal	5F9R				held_out	AAVlibrary-AAV_6w	Additional file 4, sheet AAVlibrary-AAV_6w_SpRY-ABE8e	1:0.1225;2:1.611;3:6.043;4:12.26;5:15.52;6:15.49;7:13.47;8:7.894;9:3.552;10:1.741;11:1.394;12:0.465;13:0.08403;14:0.04518;15:0.01522;16:0.01259;17:0.01287;18:0.006733;19:0.009351;20:0.005623		
kissling-SpRY-ABE8e-AAVlibrary-AAV-12w	kissling2025	SpRY-ABE8e	SpRY	n_terminal	32	xten	tada8e	effector_varied	amplicon_sequencing	A	20	pam_distal	5F9R				held_out	AAVlibrary-AAV_12w	Additional file 4, sheet AAVlibrary-AAV_12w_SpRY-ABE8e	1:0.1118;2:1.603;3:5.837;4:11.79;5:14.95;6:14.83;7:12.96;8:7.503;9:3.342;10:1.655;11:1.335;12:0.4207;13:0.0788;14:0.04003;15:0.01687;16:0.01355;17:0.01373;18:0.01051;19:0.009304;20:0.006305		
kissling-SpRY-ABE8e-LentiAAV	kissling2025	SpRY-ABE8e	SpRY	n_terminal	32	xten	tada8e	effector_varied	amplicon_sequencing	A	20	pam_distal	5F9R				held_out	LentiAAV	Additional file 4, sheet LentiAAV_SpRY-ABE8e	1:0.6644;2:7.209;3:18.98;4:31.63;5:36.47;6:36.62;7:33.89;8:24.31;9:13.02;10:6.867;11:5.672;12:2.09;13:0.464;14:0.3579;15:0.1689;16:0.1063;17:0.1217;18:0.07036;19:0.01113;20:0.01239		
kissling-SpRY-ABE8e-LentiLNP	kissling2025	SpRY-ABE8e	SpRY	n_terminal	32	xten	tada8e	effector_varied	amplicon_sequencing	A	20	pam_distal	5F9R				held_out	LentiLNP	Additional file 4, sheet LentiLNP_SpRY-ABE8e	1:0.08934;2:2.649;3:8.968;4:15.63;5:18.74;6:18.24;7:16.95;8:11.5;9:4.787;10:2.071;11:1.897;12:0.5993;13:0.1006;14:0.05875;15:0.04538;16:0.02211;17:0.03536;18:0.01648;19:0.007435;20:0.01356		
kissling-SpRY-ABEmax-HEK-Plasmid-5d	kissling2025	SpRY-ABEmax	SpRY	n_terminal	32	xten	abemax	scaffold_perturbed	amplicon_sequencing	A	20	pam_distal	5F9R				held_out	HEK-Plasmid_5d	Additional file 4, sheet HEK-Plasmid_5d_SpRY-ABEmax	1:0.02956;2:0.3131;3:1.728;4:5.948;5:11.72;6:12.71;7:9.945;8:5.399;9:1.839;10:0.7572;11:0.3565;12:0.09325;13:0.02101;14:0.01524;15:0.005846;16:0.0053;17:0.004852;18:0.005138;19:0.003589;20:0.004053		
kissling-SpRY-ABEmax-HEK-Plasmid-10d	kissling2025	SpRY-ABEmax	SpRY	n_terminal	32	xten	abemax	scaffold_perturbed	amplicon_sequencing	A	20	pam_distal	5F9R				held_out	HEK-Plasmid_10d	Additional file 4, sheet HEK-Plasmid_10d_SpRY-ABEmax	1:0.07387;2:0.547;3:2.603;4:8.314;5:15.92;6:17.01;7:13.9;8:7.891;9:3.035;10:1.289;11:0.6091;12:0.1696;13:0.03687;14:0.01399;15:0.008597;16:0.01021;17:0.007217;18:0.005399;19:0.00786;20:0.005235		
kissling-SpRY-ABEmax-HEK-mRNA-02pmol	kissling2025	SpRY-ABEmax	SpRY	n_terminal	32	xten	abemax	scaffold_perturbed	amplicon_sequencing	A	20	pam_distal	5F9R				held_out	HEK-mRNA_02pmol	Additional file 4, sheet HEK-mRNA_02pmol_SpRY-ABEmax	1:0.006663;2:0.02283;3:0.1136;4:0.6158;5:1.653;6:2.026;7:1.267;8:0.4239;9:0.09071;10:0.03929;11:0.01511;12:0.009454;13:0.006826;14:0.00685;15:0.007275;16:0.006345;17:0.004339;18:0.005648;19:0.004106;20:0.006739		
kissling-SpRY-ABEmax-HEK-mRNA-1pmol	kissling2025	SpRY-ABEmax	SpRY	n_terminal	32	xten	abemax	scaffold_perturbed	amplicon_sequencing	A	20	pam_distal	5F9R				held_out	HEK-mRNA_1pmol	Additional file 4, sheet HEK-mRNA_1pmol_SpRY-ABEmax	1:0.01263;2:0.06536;3:0.4678;4:2.402;5:6.286;6:7.346;7:4.735;8:1.77;9:0.3999;10:0.1571;11:0.07556;12:0.02411;13:0.007575;14:0.006234;15:0.005472;16:0.004386;17:0.005762;18:0.005665;19:0.002839;20:0.003716		
kissling-SpRY-ABEmax-HEK-mRNA-5pmol	kissling2025	SpRY-ABEmax	SpRY	n_terminal	32	xten	abemax	scaffold_perturbed	amplicon_sequencing	A	20	pam_distal	5F9R				held_out	HEK-mRNA_5pmol	Additional file 4, sheet HEK-mRNA_5pmol_SpRY-ABEmax	1:0.02209;2:0.1459;3:0.9863;4:4.858;5:11.98;6:13.48;7:9.089;8:3.759;9:0.962;10:0.3488;11:0.1627;12:0.0421;13:0.01006;14:0.007508;15:0.006562;16:0.006453;17:0.003564;18:0.006023;19:0.003904;20:0.004773		
kissling-SpRY-ABEmax-AAVlibrary-AAV-6w	kissling2025	SpRY-ABEmax	SpRY	n_terminal	32	xten	abemax	scaffold_perturbed	amplicon_sequencing	A	20	pam_distal	5F9R				held_out	AAVlibrary-AAV_6w	Additional file 4, sheet AAVlibrary-AAV_6w_SpRY-ABEmax	1:0.01422;2:0.04671;3:0.2816;4:1.184;5:2.864;6:3.61;7:2.546;8:1.066;9:0.2854;10:0.1081;11:0.05544;12:0.0148;13:0.006222;14:0.00899;15:0.006243;16:0.01132;17:0.006895;18:0.006661;19:0.008938;20:0.00484		
kissling-SpRY-ABEmax-AAVlibrary-AAV-12w	kissling2025	SpRY-ABEmax	SpRY	n_terminal	32	xten	abemax	scaffold_perturbed	amplicon_sequencing	A	20	pam_distal	5F9R				held_out	AAVlibrary-AAV_12w	Additional file 4, sheet AAVlibrary-AAV_12w_SpRY-ABEmax	1:0.01272;2:0.04319;3:0.2817;4:1.225;5:2.947;6:3.727;7:2.616;8:1.085;9:0.2954;10:0.1101;11:0.06245;12:0.01855;13:0.007195;14:0.01017;15:0.008414;16:0.008544;17:0.006771;18:0.005973;19:0.00889;20:0.004684		
kissling-SpRY-ABEmax-LentiAAV	kissling2025	SpRY-ABEmax	SpRY	n_terminal	32	xten	abemax	scaffold_perturbed	amplicon_sequencing	A	20	pam_distal	5F9R				held_out	LentiAAV	Additional file 4, sheet LentiAAV_SpRY-ABEmax	1:0.02343;2:0.1313;3:0.7404;4:2.725;5:5.896;6:7.011;7:5.044;8:2.241;9:0.5874;10:0.1973;11:0.1266;12:0.03376;13:0.01199;14:0.01679;15:0.005102;16:0.01057;17:0.007523;18:0.004537;19:0.0044;20:0.0112		
kissling-SpRY-ABEmax-LentiLNP	kissling2025	SpRY-ABEmax	SpRY	n_terminal	32	xten	abemax	scaffold_perturbed	amplicon_sequencing	A	20	pam_distal	5F9R				held_out	LentiLNP	Additional file 4, sheet LentiLNP_SpRY-ABEmax	1:0.02927;2:0.1375;3:0.6801;4:2.906;5:7.078;6:7.976;7:5.426;8:2.134;9:0.5112;10:0.1909;11:0.1411;12:0.03907;13:0.01736;14:0.0207;15:0.01007;16:0.0147;17:0.01488;18:0.01006;19:0.01286;20:0.01425		
kissling-SpG-ABE8e-HEK-Plasmid-5d	kissling2025	SpG-ABE8e	SpG	n_terminal	32	xten	tada8e	effector_varied	amplicon_sequencing	A	20	pam_distal	5F9R				held_out	HEK-Plasmid_5d	Additional file 4, sheet HEK-Plasmid_5d_SpG-ABE8e	1:0.1876;2:2.542;3:8.402;4:14.41;5:16.95;6:16.58;7:14.88;8:9.941;9:4.747;10:2.527;11:2.105;12:0.8825;13:0.237;14:0.1857;15:0.08412;16:0.06121;17:0.0325;18:0.0217;19:0.01181;20:0.006328		
kissling-SpG-ABE8e-HEK-Plasmid-10d	kissling2025	SpG-ABE8e	SpG	n_terminal	32	xten	tada8e	effector_varied	amplicon_sequencing	A	20	pam_distal	5F9R				held_out	HEK-Plasmid_10d	Additional file 4, sheet HEK-Plasmid_10d_SpG-ABE8e	1:0.4003;2:4.36;3:12.92;4:21.29;5:24.68;6:24.19;7:22.07;8:15.27;9:7.891;10:4.413;11:3.621;12:1.64;13:0.4514;14:0.3209;15:0.1849;16:0.1262;17:0.05939;18:0.03017;19:0.01922;20:0.006814		
kissling-SpG-ABEmax-HEK-Plasmid-5d	kissling2025	SpG-ABEmax	SpG	n_terminal	32	xten	abemax	scaffold_perturbed	amplicon_sequencing	A	20	pam_distal	5F9R				held_out	HEK-Plasmid_5d	Additional file 4, sheet HEK-Plasmid_5d_SpG-ABEmax	1:0.01508;2:0.1292;3:0.8087;4:3.33;5:7.399;6:8.5;7:6.479;8:3.176;9:0.885;10:0.2607;11:0.1219;12:0.04264;13:0.01179;14:0.01185;15:0.005136;16:0.006291;17:0.004935;18:0.003802;19:0.007382;20:0.005461		
kissling-SpG-ABEmax-HEK-Plasmid-10d	kissling2025	SpG-ABEmax	SpG	n_terminal	32	xten	abemax	scaffold_perturbed	amplicon_sequencing	A	20	pam_distal	5F9R				held_out	HEK-Plasmid_10d	Additional file 4, sheet HEK-Plasmid_10d_SpG-ABEmax	1:0.03089;2:0.2035;3:1.094;4:4.333;5:9.332;6:10.44;7:8.233;8:4.221;9:1.207;10:0.3785;11:0.1808;12:0.05282;13:0.01329;14:0.007877;15:0.005446;16:0.006158;17:0.008881;18:0.003709;19:0.00605;20:0.003387		
kissling-SpCas9-ABE8e-HEK-Plasmid-5d	kissling2025	SpCas9-ABE8e	SpCas9	n_terminal	32	xten	tada8e	effector_varied	amplicon_sequencing	A	20	pam_distal	5F9R				fit	HEK-Plasmid_5d	Additional file 4, sheet HEK-Plasmid_5d_SpCas9-ABE8e	1:0.05487;2:0.7893;3:2.641;4:4.477;5:5.194;6:5.335;7:4.401;8:2.958;9:1.51;10:0.6691;11:0.494;12:0.2689;13:0.06752;14:0.05317;15:0.02268;16:0.01285;17:0.01032;18:0.005664;19:0.006186;20:0.004115		
kissling-SpCas9-ABE8e-HEK-Plasmid-10d	kissling2025	SpCas9-ABE8e	SpCas9	n_terminal	32	xten	tada8e	effector_varied	amplicon_sequencing	A	20	pam_distal	5F9R				fit	HEK-Plasmid_10d	Additional file 4, sheet HEK-Plasmid_10d_SpCas9-ABE8e	1:0.3548;2:4.005;3:12.58;4:20.13;5:23.36;6:23.97;7:19.88;8:13.54;9:7.153;10:3.128;11:2.479;12:1.372;13:0.4104;14:0.3258;15:0.1709;16:0.06012;17:0.04124;18:0.02481;19:0.0126;20:0.008685		
kissling-SpCas9-ABEmax-HEK-Plasmid-5d	kissling2025	SpCas9-ABEmax	SpCas9	n_terminal	32	xten	abemax	none	amplicon_sequencing	A	20	pam_distal	5F9R				held_out	HEK-Plasmid_5d	Additional file 4, sheet HEK-Plasmid_5d_SpCas9-ABEmax	1:0.008297;2:0.06779;3:0.3726;4:1.347;5:2.642;6:3.216;7:2.249;8:1.14;9:0.4037;10:0.1226;11:0.05828;12:0.02612;13:0.004888;14:0.004683;15:0.002755;16:0.004158;17:0.00498;18:0.004025;19:0.005112;20:0.003285		
kissling-SpCas9-ABEmax-HEK-Plasmid-10d	kissling2025	SpCas9-ABEmax	SpCas9	n_terminal	32	xten	abemax	none	amplicon_sequencing	A	20	pam_distal	5F9R				held_out	HEK-Plasmid_10d	Additional file 4, sheet HEK-Plasmid_10d_SpCas9-ABEmax	1:0.03481;2:0.2349;3:1.089;4:3.373;5:6.157;6:7.18;7:5.31;8:2.922;9:1.182;10:0.3904;11:0.2002;12:0.07669;13:0.02277;14:0.02373;15:0.00761;16:0.00933;17:0.009865;18:0.005102;19:0.005171;20:0.007093		
hnhx-ABEmax7.10	hnhx2021	ABEmax7.10	SpCas9	n_terminal	32	xten	abemax	none	amplicon_sequencing	B	20	pam_distal	5F9R				held_out	HEK293T	Discussion, window quoted as positions 4 to 8		4-8	
hnhx-ABEmax7.10-dHNH	hnhx2021	ABEmax7.10 dHNH	SpCas9	n_terminal	32	xten	abemax	scaffold_perturbed	amplicon_sequencing	B	20	pam_distal	5F9R	delta_hnh			held_out	HEK293T	Figure 1E, editing gained at positions 12 and 14			
hnhx-ABEmax7.10-inserted	hnhx2021	HNHx-ABEmax7.10	SpCas9	hnh_amino	3	gs	tada_inserted	scaffold_perturbed	amplicon_sequencing	B	20	pam_distal	5F9R	hnh_excised	hnh_carboxy	3	held_out	HEK293T	Figure 3A, window quoted as positions 7 to 14		7-14	
hnhx-ABE8e-inserted	hnhx2021	HNHx-ABE8e	SpCas9	hnh_amino	3	gs	tada_inserted	scaffold_perturbed	amplicon_sequencing	B	20	pam_distal	5F9R	hnh_excised	hnh_carboxy	3	held_out	HEK293T	Figure 3B, shift retained and the window broadened			
komor-linker-3	komor2016	rAPOBEC1-dCas9	SpCas9	n_terminal	3	gs	apobec1	tether_varied	in_vitro_deamination	B	20	pam_distal	5F9R				held_out	purified protein on dsDNA	Extended Data Figure 1c, window about three nucleotides wide			3
komor-linker-16	komor2016	rAPOBEC1-dCas9	SpCas9	n_terminal	16	xten	apobec1	tether_varied	in_vitro_deamination	B	20	pam_distal	5F9R				held_out	purified protein on dsDNA	Extended Data Figure 1e and the text, positions 4 to 8		4-8	5
komor-linker-21	komor2016	rAPOBEC1-dCas9	SpCas9	n_terminal	21	gs	apobec1	tether_varied	in_vitro_deamination	B	20	pam_distal	5F9R				held_out	purified protein on dsDNA	Extended Data Figure 1f, window about six nucleotides wide			6
bepigs-BE3	bepigs2019	BE3	SpCas9	n_terminal	16	xten	apobec1	none	sanger_deconvolution	B	20	pam_distal	5F9R				held_out	HEK293T	Figure 1g, window quoted as positions 4 to 8		4-8	5
bepigs-pi-16	bepigs2019	BE-PIGS	SpCas9	pi_amino	16	xten	apobec1_inserted	scaffold_perturbed	sanger_deconvolution	B	20	pam_distal	5F9R		pi_carboxy	32	held_out	HEK293T	Figure 1g, positions 4 to 14 with the maximum around 7 to 13		4-14	11
bepigs-pi-8	bepigs2019	BE-PIGS N8	SpCas9	pi_amino	8	xten	apobec1_inserted	scaffold_perturbed	sanger_deconvolution	B	20	pam_distal	5F9R		pi_carboxy	32	held_out	HEK293T	Figure S3, efficiency fell and the width did not obviously change			11
bepigs-pi-3	bepigs2019	BE-PIGS N3	SpCas9	pi_amino	3	xten	apobec1_inserted	scaffold_perturbed	sanger_deconvolution	B	20	pam_distal	5F9R		pi_carboxy	32	held_out	HEK293T	Figure S3, efficiency fell and the width did not obviously change			11
bepigs-ruvc-16	bepigs2019	BE-RuvCGE	SpCas9	ruvc_amino	16	xten	apobec1_inserted	scaffold_perturbed	sanger_deconvolution	B	20	pam_distal	5F9R		ruvc_carboxy	32	held_out	HEK293T	Figure 1c and 1d, editing about half that of the PAM-interacting inlay			
huangcp-ABEmax	huangcp	ABEmax	SpCas9	n_terminal	32	xten	abemax	none	amplicon_sequencing	B	20	pam_distal	5F9R				held_out	HEK293T	Figure 2f, canonical window quoted as positions 4 to 7 with the maximum at 5 or 6		4-7	4
huangcp-CP1012-ABEmax	huangcp	CP1012-ABEmax	SpCas9	cp1012	32	xten	abemax	scaffold_perturbed	amplicon_sequencing	B	20	pam_distal	5F9R				held_out	HEK293T	Figure 2f, window 4 to 12; the maximum moves to 6 or 7		4-12	9
huangcp-CP1028-ABEmax	huangcp	CP1028-ABEmax	SpCas9	cp1028	32	xten	abemax	scaffold_perturbed	amplicon_sequencing	B	20	pam_distal	5F9R				held_out	HEK293T	Figure 2f, window 4 to 12		4-12	9
huangcp-CP1041-ABEmax	huangcp	CP1041-ABEmax	SpCas9	cp1041	32	xten	abemax	scaffold_perturbed	amplicon_sequencing	B	20	pam_distal	5F9R				held_out	HEK293T	Figure 2f, window 4 to 12; the broadest, with editing at 14		4-12	9
huangcp-CP1249-ABEmax	huangcp	CP1249-ABEmax	SpCas9	cp1249	32	xten	abemax	scaffold_perturbed	amplicon_sequencing	B	20	pam_distal	5F9R				held_out	HEK293T	Figure 2f, window 4 to 12		4-12	9
tan2019-xten-16	tan2019	BE3	SpCas9	n_terminal	16	xten	apobec1	none	functional_selection	C	20	pam_distal	5F9R				held_out	yeast CAN1 selection	Figure 1b, editing at every cytosine across a nine nucleotide window			9
tan2019-pap-3	tan2019	BE3 PAP	SpCas9	n_terminal	3	polyproline	apobec1	tether_varied	functional_selection	C	20	pam_distal	5F9R				held_out	yeast CAN1 selection	Figure 1b, editing abolished almost completely			
tan2019-papap-5	tan2019	BE3 PAPAP	SpCas9	n_terminal	5	polyproline	apobec1	tether_varied	functional_selection	C	20	pam_distal	5F9R				held_out	yeast CAN1 selection	Supplementary Figure 5, editing mainly at positions 14 to 16 from the PAM		5-7	3
tan2019-papapap-7	tan2019	BE3 PAPAPAP	SpCas9	n_terminal	7	polyproline	apobec1	tether_varied	functional_selection	C	20	pam_distal	5F9R				held_out	yeast CAN1 selection	Figure 1b, editing largely restricted to positions 15 and 16 from the PAM		5-6	2
communbiol-dCas12a-A3A	communbiol2022	dCas12a-A3A	Cas12a	n_terminal	16	xten	ha3a	none	amplicon_sequencing	B	21	pam_proximal	6I1K				held_out	HEK293T	Supplementary Figure 3, window quoted as positions 6 to 15; the amino-terminal arrangement and the 16-residue XTEN are read from the deposited sequence of Addgene 193640, not inferred		6-15	10
communbiol-dCas12a-A3A-Y130F	communbiol2022	dCas12a-A3A-Y130F	Cas12a	n_terminal	16	xten	ha3a	effector_varied	amplicon_sequencing	B	21	pam_proximal	6I1K				held_out	HEK293T	Table 1, window quoted as positions 6 to 12; the amino-terminal arrangement and the 16-residue XTEN are read from the deposited sequence of Addgene 193640, not inferred		6-12	6
communbiol-dCas12a-ABE8e	communbiol2022	dCas12a-ABE8e	Cas12a	n_terminal	16	xten	tada8e	effector_varied	amplicon_sequencing	B	21	pam_proximal	6I1K				held_out	HEK293T	Supplementary Figure 8, window quoted as positions 8 to 12; the amino-terminal arrangement and the 16-residue XTEN are read from the deposited sequence of Addgene 193640, not inferred		8-12	5
