key	citation	doi	role	tether_variation	readout_class	status	notes
komor2016	Komor AC, Kim YB, Packer MS, Zuris JA, Liu DR. Programmable editing of a target base in genomic DNA without double-stranded DNA cleavage. Nature 2016;533:420-424	10.1038/nature17946	architecture	linker_length	in_vitro_deamination	confirmed	Purified rAPOBEC1-dCas9 on dsDNA with linkers stated in the paper as GGS, (GGS)3, a 16-residue XTEN and (GGS)7, being 3, 9, 16 and 21 residues. Window width read from the gel panels and quoted in the text. This is the only source in the register that states a linker length in residues, and the width claims rest on it
koblan2018	Koblan LW, Doman JL, Wilson C, Levy JM, Tay T, Newby GA, Maianti JP, Raguram A, Liu DR. Improving cytidine and adenine base editors by expression optimization and ancestral reconstruction. Nat Biotechnol 2018;36:843-846	10.1038/nbt.4172	architecture	none	amplicon_sequencing	no_tether_variation	Reading the primary settles it: the improvements are nuclear localisation and codon usage, the linkers are unchanged and the editing window is reported unchanged. It is a specificity control rather than an architecture source
tan2019	Tan J, Zhang F, Karcher D, Bock R. Engineering of high-precision base editors for site-specific single nucleotide replacement. Nat Commun 2019;10:439	10.1038/s41467-018-08034-8	architecture	rigidity_and_terminus	functional_selection	confirmed	Ten rigid proline-containing linkers against the 16-residue XTEN. Three and no linker abolish editing, five to seven narrow the window to positions 14 to 16 from the PAM, longer ones widen it again. Positions are quoted relative to the PAM; the corpus converts them on the reading that the last protospacer base is -1
tan2020	Tan J, Zhang F, Karcher D, Bock R. Expanding the genome-targeting scope and the site selectivity of high-precision base editors. Nat Commun 2020;11:629	10.1038/s41467-020-14465-z	architecture	deaminase_truncation	functional_selection	effector_geometry_missing	Varies the C-terminal tail of CDA1 by 13 to 20 residues, which is tether length expressed through the effector rather than the linker. No structure is assigned for CDA1, so no offsets or body radius can be measured and no entry can be built
bepigs2019	Wang Y, Zhou L, Liu N, Yao S. BE-PIGS: a base-editing tool with deaminases inlaid into Cas9 PI domain significantly expanded the editing scope. Signal Transduct Target Ther 2019;4:36	10.1038/s41392-019-0072-7	architecture	inlay_and_linker_length	sanger_deconvolution	confirmed	APOBEC1 inlaid between G1054 and E1055 and between G1246 and S1247, N-terminal linker 16, 8 or 3 residues and return linker 32; the PAM-interacting inlay edits positions 4 to 14
hnhx2021	Villiger L, Schmidheini L, Mathis N, Rothgangl T, Marquart K, Schwank G. Replacing the SpCas9 HNH domain by deaminases generates compact base editors with an alternative targeting scope. Mol Ther Nucleic Acids 2021;26:502-510	10.1016/j.omtn.2021.08.025	architecture	anchor_transfer_and_hnh_removal	amplicon_sequencing	confirmed	HNH taken as residues 775 to 908; the insertion joins S793 to the TadA N terminus through GGS and the TadA C terminus to R919 through SGG; windows quoted in the text, per-position values only in figures
huangcp	Huang TP, Zhao KT, Miller SM, Gaudelli NM, Oakes BL, Fellmann C, Savage DF, Liu DR. Circularly permuted and PAM-modified Cas9 variants broaden the targeting scope of base editors. Nat Biotechnol 2019;37:626-631	10.1038/s41587-019-0134-y	architecture	anchor_reorganisation	amplicon_sequencing	confirmed	Five permutants, CP1012, CP1028, CP1041, CP1249 and CP1300, the number naming the new amino terminus. ABEmax edits positions 4 to 7 and the permutants 4 to 12, with CP1041 the broadest
nme2inlay2023	Bamidele N, Zhang H, Dong X, Cheng H, Gaston N, Feinzig H, Cao H, Kelly K, Watts JK, Xie J, Gao G, Sontheimer EJ. Domain-inlaid Nme2Cas9 adenine base editors with improved activity and targeting scope. Nat Commun 2024;15:1697	10.1038/s41467-024-45763-5	architecture	domain_insertion	amplicon_sequencing	insertion_residues_unavailable	Eight insertion sites with TadA8e between two 20-residue linkers; i1 edits PAM-distally and i7 and i8 PAM-proximally. The residue numbers are given only in a figure panel, and the structure the authors used is Nme1Cas9 rather than Nme2Cas9, so no entry can be built
li2018	Li X, Wang Y, Liu Y, Yang B, Wang X, Wei J, Lu Z, Zhang Y, Wu J, Huang X, Yang L, Chen J. Base editing with a Cpf1-cytidine deaminase fusion. Nat Biotechnol 2018;36:324-327	10.1038/nbt.4102	architecture	cas12a_architecture	amplicon_sequencing	not_open_access	Not in the open-access set. Its construct map, Addgene 107685, is the root of the arrangement the later Cas12a base editors inherit, and the inheritance no longer has to be argued: the deposited sequence of Chen et al.'s own plasmid carries it
plantcomm2023	Cheng Y, Zhang Y, Li G, Fang H, Sretenovic S, Fan A, Li J, Xu J, Que Q, Qi Y. CRISPR-Cas12a base editors confer efficient multiplexed genome editing in rice. Plant Commun 2023;4:100601	10.1016/j.xplc.2023.100601	architecture	linker_length	plant_system	linker_lengths_unavailable	dLbCas12a-D156R ABE edits A8 to A11 and the CBE prefers C10, but the seven connector sequences are given only in a figure panel, so no entry can record a contour length
communbiol2022	Chen F, Lian M, Ma B, Gou S, Luo X, Yang K, Shi H, Xie J, Ge W, Ouyang Z, Lai C, Li N, Zhang Q, Jin Q, Liang Y, Chen T, Wang J, Zhao X, Li L, Yu M, Ye Y, Wang K, Wu H, Lai L. Multiplexed base editing through Cas12a variant-mediated cytosine and adenine base editors. Commun Biol 2022;5:1163	10.1038/s42003-022-04152-8	architecture	cas12a_scaffold_and_deaminase	amplicon_sequencing	confirmed	Windows in Cas12a numbering: hA3A 6 to 15, hA3A-Y130F 6 to 12, TadA8e 8 to 12. The paper states neither the linker nor the terminus. Both were read from the deposited sequence of the plasmid the authors themselves deposited, Addgene 193640: human APOBEC3A at 409 to 1005 with phenylalanine at residue 130, then SGSETPGTSESATPES, then LbCas12a. Amino-terminal deaminase on a 16-residue XTEN, read rather than inferred. analysis/verify_construct.py reproduces it
abenw1_2026	ABE-NW1 and ABE-NW1-NL, Nat Commun 2026		architecture	none	amplicon_sequencing	outside_the_model	TadA-NW1 carries an oligonucleotide binding module in its own active centre, so the window narrows from 10 nucleotides to 4 through the deaminase binding the substrate rather than through the tether. Outside what a tether model claims
shi2026	Shi Y, Yuan Y, Qin L, Zhou F, Wu G, Li B, Yao P, Shi M, Ma L, Wang Y, Zhang Y, Wang C, Wang X, Huang B, Chen J, Xiang Z, Lin Q, Huang J. Optimizing linker length of base editors for precise crop breeding and gene therapy. J Genet Genomics 2026;53:1125-1137	10.1016/j.jgg.2026.02.021	architecture	linker_length	amplicon_sequencing	not_open_access	Not in the open-access set at PubMed Central
kuang2021	Kuang et al., 2021		architecture	linker_length	amplicon_sequencing	not_open_access	Cited as prior linker work by Shi et al.; no open-access record resolved
zhao2022	Zhao et al., 2022		architecture	linker_length	amplicon_sequencing	not_open_access	Cited as prior linker work by Shi et al.; no open-access record resolved
iscb_family	miBE, IminiBE and SIminiBE, enIscB		architecture	compact_scaffold	amplicon_sequencing	no_structure	Minimal tether variation and no R-loop structure assigned for IscB, so nothing can be placed in a frame
kim2024	Kim N, Choi S, Kim S, Song M, Seo JH, Min S, Park J, Cho SR, Kim HH. Deep learning models to predict the editing efficiencies and outcomes of diverse base editors. Nat Biotechnol 2024;42:484-497	10.1038/s41587-023-01792-x	profile	none	amplicon_sequencing	confirmed	Windows, outcomes and motifs for seven base editors and nine Cas9 variants in one assay
kissling2025	Kissling L, Mollaysa A, Janjuha S, Mathis N, Marquart KF, Weber Y, Moon WJ, Lin PJC, Fan SHY, Muramatsu H, Vadovics M, Allam A, Pardi N, Tam YK, Krauthammer M, Schwank G. Predicting adenine base editing efficiencies in different cellular contexts by deep learning. Genome Biol 2025;26:115	10.1186/s13059-025-03586-7	profile	none	amplicon_sequencing	confirmed	Per-position efficiency for six architectures, in vitro and in vivo. The corpus is curated from Additional file 4, sha256 2cadbf9172ae7a07f568d7ca61bf1777117aaf96e0604130d313f0c285f03c1f, which the byte comparison confirms is the file the article deposits. The paper names ABEmax and ABE8e and does not state a linker length, so the 32 residues those entries carry come from the construct architecture and not from this source
marquart2021	Marquart KF, Allam A, Janjuha S, Sintsova A, Villiger L, Frey N, Krauthammer M, Schwank G. Predicting base editing outcomes with an attention-based deep learning algorithm trained on high-throughput target library screens. Nat Commun 2021;12:5114	10.1038/s41467-021-25375-z	profile	none	amplicon_sequencing	confirmed	Four architectures, one library of 28k targets
arbab2020	Arbab M, Shen MW, Mok B, Wilson C, Matuszek Ż, Cassa CA, Liu DR. Determinants of Base Editing Outcomes from Target Library Analysis and Machine Learning. Cell 2020;182:463-480.e30	10.1016/j.cell.2020.05.037	profile	none	amplicon_sequencing	confirmed	Eleven editors across more than 38,000 sites
pallaseni2022	Pallaseni A, Peets EM, Koeppel J, Weller J, Vanderstichele T, Ho UL, Crepaldi L, van Leeuwen J, Allen F, Parts L. Predicting base editing outcomes using position-specific sequence determinants. Nucleic Acids Res 2022;50:3551-3564	10.1093/nar/gkac161	profile	none	amplicon_sequencing	confirmed	Position-specific determinants in two cell lines
zhou2024	Zhou X, Gao J, Luo L, Huang C, Wu J, Wang X. Comprehensive evaluation and prediction of editing outcomes for near-PAMless adenine and cytosine base editors. Commun Biol 2024;7:1389	10.1038/s42003-024-07078-5	profile	none	amplicon_sequencing	confirmed	Near-PAMless ABE and CBE
bedatahive2024	Schneider L, Minary P. Be-dataHIVE: a base editing database. BMC Bioinformatics 2024;25:330	10.1186/s12859-024-05898-0	profile	none	amplicon_sequencing	confirmed	Aggregated schema
feola2024	Feola M, Pulicani S, Tkach D, Boyne A, Hong R, Mayer L, Duclert A, Duchateau P, Juillerat A. Comprehensive analysis of the editing window of C-to-T TALE base editors. Sci Rep 2024;14:12870	10.1038/s41598-024-63203-8	external	tale_linker	amplicon_sequencing	confirmed	Three connector scaffolds between the TALE array and the split deaminase, C40 about 43 residues, C11 20 and C0 3; both halves carry a scaffold, so the connector is varied on both sides and the check stays qualitative. C0 does not edit at any spacer length
xiang2025	Xiang J, Xu W, Wu J, Luo Y, Liu C, Hou Y, Chen J, Yang B. Structural insights into DdCBE in action enable high-precision mitochondrial DNA editing. Mol Cell 2025;85:3357-3372.e9	10.1016/j.molcel.2025.08.016	external	none	amplicon_sequencing	confirmed	Cryo-EM of DdCBE and the WinPred window predictor
mi2025	Mi L, Li YX, Lv X, Wan ZL, Liu X, Zhang K, Li H, Yao Y, Zhang L, Xu Z, Zhuang X, Ji K, Jiang M, Wang Y, Lu P. Computational design of a high-precision mitochondrial DNA cytosine base editor. Nat Struct Mol Biol 2025;32:2575-2586	10.1038/s41594-025-01714-2	external	none	amplicon_sequencing	confirmed	Designed rigid TALE-deaminase interface, named TALE-oriented deaminase; no author in common with xiang2025
evers2006	Evers TH, van Dongen EMWM, Faesen AC, Meijer EW, Merkx M. Quantitative understanding of the energy transfer between fluorescent proteins connected via flexible peptide linkers. Biochemistry 2006;45:13183-13192	10.1021/bi061288t	external	none	fret	confirmed	Worm-like-chain fit to FRET between fluorescent domains joined by GlyGlySer repeats gives a persistence length of 4.5 angstrom. This is the primary behind the gs composition class, which had been assigned 6.4 with no citation and is now corrected. Authors and bibliographic detail taken from Crossref
vanrosmalen2017	van Rosmalen M, Krom M, Merkx M. Tuning the flexibility of glycine-serine linkers to allow rational design of multidomain proteins. Biochemistry 2017;56:6565-6574	10.1021/acs.biochem.7b00902	external	none	fret	confirmed	Worm-like-chain fits across a glycine series give 4.5 angstrom at 33 percent glycine, 4.8 at 17 percent and 6.2 with none, reproducing Evers at 4.5. These bracket the xten class, for which no direct measurement was found, so that class is banded over 4.5 to 6.4 rather than pinned. Values read from the open-access full text at PMC6150656, not from recall
